ClienteID,Ciudad,Estado,Pais,Tipo_Cliente
1,JA08,3,1,TIENDA
2,JA08,3,1,TIENDA
3,JA08,3,1,TIENDA
4,SIN05,20,1,ENTREGA DOMICILIO
5,JA08,3,1,TIENDA
6,JA08,3,1,TIENDA
7,JA08,3,1,TIENDA
8,JA08,3,1,TIENDA
9,JA08,3,1,TIENDA
10,JA08,3,1,TIENDA
11,JA27,3,1,TIENDA
12,JA08,3,1,TIENDA
13,JA08,3,1,TIENDA
14,JA08,3,1,TIENDA
15,JA24,3,1,TIENDA
16,JA08,3,1,TIENDA
17,JA08,3,1,TIENDA
18,JA08,3,1,TIENDA
19,JA08,3,1,TIENDA
20,JA08,3,1,TIENDA
21,JA08,3,1,TIENDA
22,JA08,3,1,ENTREGA DOMICILIO
23,JA08,3,1,TIENDA
24,JA08,3,1,TIENDA
25,JA27,3,1,TIENDA
26,JA27,3,1,TIENDA
27,JA08,3,1,TIENDA
28,JA27,3,1,TIENDA
29,JA08,3,1,TIENDA
30,JA27,3,1,TIENDA
31,JA08,3,1,TIENDA
32,JA27,3,1,TIENDA
33,JA08,3,1,TIENDA
34,JA24,3,1,TIENDA
35,JA27,3,1,TIENDA
36,CHP05,3,1,TIENDA
37,JA08,3,1,TIENDA
38,JA08,3,1,TIENDA
39,JA08,3,1,TIENDA
40,JA08,3,1,TIENDA
41,JA08,3,1,TIENDA
42,JA08,3,1,TIENDA
43,JA08,3,1,TIENDA
44,JA08,3,1,TIENDA
45,JA27,3,1,TIENDA
46,JA08,3,1,TIENDA
47,JA08,3,1,TIENDA
48,JA27,3,1,TIENDA
49,JA08,3,1,TIENDA
50,JA27,3,1,TIENDA
51,JA27,3,1,TIENDA
52,JA08,3,1,TIENDA
53,JA08,3,1,TIENDA
54,JA27,3,1,TIENDA
55,JA08,3,1,TIENDA
56,JA08,3,1,TIENDA
57,JA08,3,1,TIENDA
58,JA25,3,1,ENTREGA DOMICILIO
59,JA25,3,1,TIENDA
60,JA27,3,1,TIENDA
61,JA27,3,1,TIENDA
62,JA08,3,1,TIENDA
63,JA19,3,1,ENTREGA DOMICILIO
64,JA08,3,1,TIENDA
65,JA08,3,1,TIENDA
66,JA08,3,1,TIENDA
67,JA08,3,1,TIENDA
68,JA08,3,1,TIENDA
69,JA08,3,1,TIENDA
70,JA08,3,1,TIENDA
71,JA27,3,1,NO PROPORCIONADO
72,JA08,3,1,TIENDA
73,JA08,3,1,TIENDA
74,JA08,3,1,TIENDA
75,JA08,3,1,TIENDA
76,JA08,3,1,TIENDA
77,JA27,3,1,TIENDA
78,JA23,3,1,TIENDA
79,JA08,3,1,TIENDA
80,JA08,3,1,TIENDA
81,JA27,3,1,TIENDA
82,JA08,3,1,TIENDA
83,JA27,3,1,TIENDA
84,JA08,3,1,TIENDA
85,JA27,3,1,TIENDA
86,JA27,3,1,TIENDA
87,JA08,3,1,TIENDA
88,JA08,3,1,TIENDA
89,JA27,3,1,TIENDA
90,JA08,3,1,TIENDA
91,JA08,3,1,TIENDA
92,JA08,3,1,TIENDA
93,JA08,3,1,TIENDA
94,JA08,3,1,TIENDA
95,JA27,3,1,TIENDA
96,JA27,3,1,TIENDA
97,JA08,3,1,TIENDA
98,JA08,3,1,TIENDA
99,JA08,3,1,TIENDA
100,JA27,3,1,TIENDA
101,JA27,3,1,TIENDA
102,JA08,3,1,TIENDA
103,JA08,3,1,TIENDA
104,JA27,3,1,TIENDA
105,JA27,3,1,TIENDA
106,JA27,3,1,TIENDA
107,JA08,3,1,TIENDA
108,JA08,3,1,TIENDA
109,JA08,3,1,TIENDA
110,JA08,3,1,TIENDA
111,JA08,3,1,TIENDA
112,JA27,3,1,TIENDA
113,JA25,3,1,TIENDA
114,JA08,3,1,TIENDA
115,JA25,3,1,TIENDA
116,JA08,3,1,ENTREGA DOMICILIO
117,JA08,3,1,ENTREGA DOMICILIO
118,JA08,3,1,TIENDA
119,JA08,3,1,ENTREGA DOMICILIO
120,JA08,3,1,TIENDA
121,JA27,3,1,ENTREGA DOMICILIO
122,JA08,3,1,TIENDA
123,JA08,3,1,ENTREGA DOMICILIO
124,JA08,3,1,ENTREGA DOMICILIO
125,JA08,3,1,ENTREGA DOMICILIO
126,JA08,3,1,ENTREGA DOMICILIO
127,JA08,3,1,ENTREGA DOMICILIO
128,JA27,3,1,TIENDA
129,JA27,3,1,ENTREGA DOMICILIO
130,JA08,3,1,TIENDA
131,JA08,3,1,TIENDA
132,JA08,3,1,TIENDA
133,JA27,3,1,TIENDA
134,JA27,3,1,TIENDA
135,JA23,3,1,TIENDA
136,JA08,3,1,TIENDA
137,JA08,3,1,TIENDA
138,JA24,3,1,TIENDA
139,JA27,3,1,TIENDA
140,JA27,3,1,TIENDA
141,JA24,3,1,TIENDA
142,JA24,3,1,TIENDA
143,JA24,3,1,TIENDA
144,MIC21,10,1,ENTREGA DOMICILIO
145,JA24,3,1,TIENDA
146,JA27,3,1,TIENDA
147,JA08,3,1,ENTREGA DOMICILIO
148,JA08,3,1,TIENDA
149,JA08,3,1,TIENDA
150,JA08,3,1,TIENDA
151,JA08,3,1,ENTREGA DOMICILIO
152,JA08,3,1,TIENDA
153,JA08,3,1,TIENDA
154,JA08,3,1,TIENDA
155,JA27,3,1,TIENDA
156,JA08,3,1,TIENDA
157,JA08,3,1,TIENDA
158,JA08,3,1,TIENDA
159,JA08,3,1,TIENDA
160,JA08,3,1,TIENDA
161,JA08,3,1,TIENDA
162,NO PROPORCIONADO,NO PROPORCIONADO,NO PROPORCIONADO,NO PROPORCIONADO
163,JA08,3,1,TIENDA
164,JA08,3,1,TIENDA
165,JA08,3,1,ENTREGA DOMICILIO
166,JA08,3,1,TIENDA
167,JA23,3,1,TIENDA
168,JA27,3,1,TIENDA
169,JA08,3,1,ENTREGA DOMICILIO
170,JA08,3,1,TIENDA
171,JA08,3,1,TIENDA
172,JA27,3,1,TIENDA
173,JA08,3,1,TIENDA
174,JA08,3,1,TIENDA
175,JA27,3,1,ENTREGA DOMICILIO
176,JA25,3,1,ENTREGA DOMICILIO
177,JA08,3,1,EMBARQUE
178,JA08,3,1,TIENDA
5000,PUE03,18,1,ENTREGA DOMICILIO
5001,PUE03,18,1,ENTREGA DOMICILIO
5002,ZAC09,32,1,ENTREGA DOMICILIO
5003,AGS03,28,1,ENTREGA DOMICILIO
5004,GTO14,12,1,ENTREGA DOMICILIO
5005,VER19,11,1,ENTREGA DOMICILIO
5006,VER19,11,1,ENTREGA DOMICILIO
5007,YUC02,16,1,ENTREGA DOMICILIO
5008,MIC01,10,1,ENTREGA DOMICILIO
5009,CHP06,6,1,ENTREGA DOMICILIO
5010,BCS02,21,1,EMBARQUE
5011,PUE03,18,1,ENTREGA DOMICILIO
5012,NAY06,26,1,ENTREGA DOMICILIO
5013,PUE03,18,1,ENTREGA DOMICILIO
5014,QR01,5,1,ENTREGA DOMICILIO
5015,NL03,4,1,ENTREGA DOMICILIO
5016,QR01,5,1,ENTREGA DOMICILIO
5017,GTO09,12,1,EMBARQUE
5018,SIN06,20,1,ENTREGA DOMICILIO
5019,SON03,15,1,ENTREGA DOMICILIO
5020,GTO06,12,1,ENTREGA DOMICILIO
5021,SON03,15,1,ENTREGA DOMICILIO
5022,HGO03,24,1,ENTREGA DOMICILIO
5023,NAY04,26,1,EMBARQUE
5024,CO02,9,1,EMBARQUE
5025,CHP04,6,1,ENTREGA DOMICILIO
5026,SLP04,19,1,EMBARQUE
5027,TAM03,23,1,ENTREGA DOMICILIO
5028,CO01,9,1,ENTREGA DOMICILIO
5029,SON03,15,1,ENTREGA DOMICILIO
5030,OA05,7,1,ENTREGA DOMICILIO
5031,EM11,2,1,ENTREGA DOMICILIO
5032,JA12,3,1,ENTREGA DOMICILIO
5033,JA12,3,1,ENTREGA DOMICILIO
5034,EM10,2,1,ENTREGA DOMICILIO
5035,DF01,1,1,ENTREGA DOMICILIO
5036,DF01,1,1,ENTREGA DOMICILIO
5037,PUE03,18,1,ENTREGA DOMICILIO
5038,SON05,15,1,ENTREGA DOMICILIO
5039,SIN05,20,1,ENTREGA DOMICILIO
5040,NAY06,26,1,ENTREGA DOMICILIO
5041,NAY06,26,1,ENTREGA DOMICILIO
5042,MIC20,10,1,ENTREGA DOMICILIO
5043,ZAC10,32,1,EMBARQUE
5044,DF01,1,1,ENTREGA DOMICILIO
5045,SON05,15,1,EMBARQUE
5046,SIN05,20,1,ENTREGA DOMICILIO
5047,SIN04,20,1,ENTREGA DOMICILIO
5048,SLP04,19,1,EMBARQUE
5049,SON05,15,1,ENTREGA DOMICILIO
5050,NAY06,26,1,ENTREGA DOMICILIO
5051,JA02,3,1,ENTREGA DOMICILIO
5052,PUE03,18,1,ENTREGA DOMICILIO
5053,DF01,1,1,ENTREGA DOMICILIO
5054,DF01,1,1,ENTREGA DOMICILIO
5055,DF01,1,1,ENTREGA DOMICILIO
5056,HGO05,24,1,ENTREGA DOMICILIO
5057,DF01,1,1,ENTREGA DOMICILIO
5058,MOR01,13,1,ENTREGA DOMICILIO
5059,MOR02,13,1,ENTREGA DOMICILIO
5060,SLP01,19,1,ENTREGA DOMICILIO
5061,EM10,2,1,ENTREGA DOMICILIO
5062,TAB03,25,1,ENTREGA DOMICILIO
5063,JA17,3,1,ENTREGA DOMICILIO
5064,GTO09,12,1,ENTREGA DOMICILIO
5065,EM10,2,1,ENTREGA DOMICILIO
5066,EM10,2,1,ENTREGA DOMICILIO
5067,NL02,32,1,ENTREGA DOMICILIO
5068,TAM06,23,1,ENTREGA DOMICILIO
5069,SLP04,19,1,ENTREGA DOMICILIO
5070,TAM06,23,1,ENTREGA DOMICILIO
5071,GR01,8,1,ENTREGA DOMICILIO
5072,MIC10,10,1,EMBARQUE
5073,MIC10,10,1,EMBARQUE
5074,GTO09,12,1,ENTREGA DOMICILIO
5075,GTO05,12,1,ENTREGA DOMICILIO
5076,GTO06,12,1,ENTREGA DOMICILIO
5077,QTO02,14,1,ENTREGA DOMICILIO
5078,QTO02,14,1,ENTREGA DOMICILIO
5079,QTO02,14,1,ENTREGA DOMICILIO
5080,GTO13,12,1,ENTREGA DOMICILIO
5081,SIN01,20,1,ENTREGA DOMICILIO
5082,GTO03,12,1,ENTREGA DOMICILIO
5083,GTO03,12,1,ENTREGA DOMICILIO
5084,JA17,3,1,ENTREGA DOMICILIO
5085,GTO06,12,1,ENTREGA DOMICILIO
5086,GTO06,12,1,ENTREGA DOMICILIO
5087,QTO02,14,1,EMBARQUE
5088,MIC24,10,1,ENTREGA DOMICILIO
5089,TAM05,23,1,ENTREGA DOMICILIO
5090,TAM04,23,1,ENTREGA DOMICILIO
5091,SLP03,19,1,EMBARQUE
5092,YU01,16,1,ENTREGA DOMICILIO
5093,OA05,7,1,ENTREGA DOMICILIO
5094,AGS01,28,1,ENTREGA DOMICILIO
5095,DUR01,30,1,ENTREGA DOMICILIO
5096,VER03,11,1,ENTREGA DOMICILIO
5097,COA04,27,1,ENTREGA DOMICILIO
5098,CHI06,29,1,ENTREGA DOMICILIO
5099,OA05,7,1,ENTREGA DOMICILIO
5100,SLP04,19,1,EMBARQUE
5101,GTO06,12,1,ENTREGA DOMICILIO
5102,SIN06,20,1,ENTREGA DOMICILIO
5103,CHI03,29,1,ENTREGA DOMICILIO
5104,COA05,27,1,ENTREGA DOMICILIO
5105,DUR02,30,1,ENTREGA DOMICILIO
5106,CHI04,29,1,ENTREGA DOMICILIO
5107,SLP04,19,1,EMBARQUE
5108,BCN04,22,1,EMBARQUE
5109,CHI04,29,1,ENTREGA DOMICILIO
5110,CHI09,29,1,ENTREGA DOMICILIO
5111,COA05,27,1,ENTREGA DOMICILIO
5112,CHI02,29,1,ENTREGA DOMICILIO
5113,CHI04,29,1,ENTREGA DOMICILIO
5114,COA05,27,1,ENTREGA DOMICILIO
5115,COA05,27,1,ENTREGA DOMICILIO
5116,CHI04,29,1,ENTREGA DOMICILIO
5117,DUR02,30,1,ENTREGA DOMICILIO
5118,CHP06,6,1,ENTREGA DOMICILIO
5119,SIN05,20,1,ENTREGA DOMICILIO
5120,SIN01,20,1,ENTREGA DOMICILIO
5121,DUR03,30,1,ENTREGA DOMICILIO
5122,HGO03,24,1,ENTREGA DOMICILIO
5123,PUE03,18,1,ENTREGA DOMICILIO
5124,AGS01,28,1,ENTREGA DOMICILIO
5125,SON05,15,1,ENTREGA DOMICILIO
5126,PUE07,18,1,ENTREGA DOMICILIO
5127,EM06,2,1,ENTREGA DOMICILIO
5128,SIN01,20,1,ENTREGA DOMICILIO
5129,SIN01,20,1,ENTREGA DOMICILIO
5130,NL04,4,1,ENTREGA DOMICILIO
5131,NL03,4,1,ENTREGA DOMICILIO
5132,NL03,4,1,ENTREGA DOMICILIO
5133,NL04,4,1,ENTREGA DOMICILIO
5134,NL03,4,1,ENTREGA DOMICILIO
5135,NL03,4,1,ENTREGA DOMICILIO
5136,CHP06,6,1,EMBARQUE
5137,NL03,4,1,ENTREGA DOMICILIO
5138,NL03,4,1,ENTREGA DOMICILIO
5139,NL03,4,1,ENTREGA DOMICILIO
5140,TAM09,23,1,ENTREGA DOMICILIO
5141,TAM02,23,1,ENTREGA DOMICILIO
5142,NL02,4,1,ENTREGA DOMICILIO
5143,OA11,7,1,ENTREGA DOMICILIO
5144,DF01,1,1,ENTREGA DOMICILIO
5145,JA17,3,1,ENTREGA DOMICILIO
5146,MIC13,10,1,ENTREGA DOMICILIO
5147,VER11,11,1,ENTREGA DOMICILIO
5148,GTO06,12,1,EMBARQUE
5149,TAM02,23,1,ENTREGA DOMICILIO
5150,NL03,4,1,ENTREGA DOMICILIO
5151,GTO03,12,1,ENTREGA DOMICILIO
5152,NL03,4,1,ENTREGA DOMICILIO
5153,QR01,5,1,ENTREGA DOMICILIO
5154,GTO14,12,1,ENTREGA DOMICILIO
5155,MIC13,10,1,ENTREGA DOMICILIO
5156,GTO16,12,1,ENTREGA DOMICILIO
5157,CAM01,17,1,ENTREGA DOMICILIO
5158,CHP03,6,1,ENTREGA DOMICILIO
5159,CHP06,6,1,ENTREGA DOMICILIO
5160,OA01,7,1,ENTREGA DOMICILIO
5161,CHP01,6,1,ENTREGA DOMICILIO
5162,CHP03,6,1,ENTREGA DOMICILIO
5163,DUR04,30,1,ENTREGA DOMICILIO
5164,OA02,7,1,ENTREGA DOMICILIO
5165,SLP02,19,1,ENTREGA DOMICILIO
5166,MIC08,10,1,EMBARQUE
5167,MIC17,10,1,EMBARQUE
5168,CHP06,6,1,ENTREGA DOMICILIO
5169,OA06,7,1,ENTREGA DOMICILIO
5170,GR03,8,1,ENTREGA DOMICILIO
5171,JA13,3,1,ENTREGA DOMICILIO
5172,VER09,11,1,ENTREGA DOMICILIO
5173,MIC22,10,1,ENTREGA DOMICILIO
5174,MIC22,10,1,ENTREGA DOMICILIO
5175,MIC15,10,1,ENTREGA DOMICILIO
5176,MIC12,10,1,ENTREGA DOMICILIO
5177,YU01,16,1,ENTREGA DOMICILIO
5178,MIC10,10,1,ENTREGA DOMICILIO
5179,JA22,3,1,ENTREGA DOMICILIO
5180,JA03,3,1,ENTREGA DOMICILIO
5181,MIC14,10,1,ENTREGA DOMICILIO
5182,VER12,11,1,ENTREGA DOMICILIO
5183,TAB03,25,1,ENTREGA DOMICILIO
5184,CHP04,6,1,ENTREGA DOMICILIO
5185,MIC22,10,1,ENTREGA DOMICILIO
5186,CHP06,6,1,ENTREGA DOMICILIO
5187,PUE06,18,1,ENTREGA DOMICILIO
5188,VER09,11,1,ENTREGA DOMICILIO
5189,ZAC01,32,1,ENTREGA DOMICILIO
5190,GR01,8,1,ENTREGA DOMICILIO
5191,GTO06,12,1,EMBARQUE
5192,PUE03,18,1,ENTREGA DOMICILIO
5193,MIC04,10,1,ENTREGA DOMICILIO
5194,MIC17,10,1,ENTREGA DOMICILIO
5195,SON03,15,1,ENTREGA DOMICILIO
5196,SON03,15,1,EMBARQUE
5197,EM09,2,1,ENTREGA DOMICILIO
5198,TAM05,23,1,ENTREGA DOMICILIO
5199,DUR02,30,1,EMBARQUE
5200,TAM05,23,1,ENTREGA DOMICILIO
5201,JA17,3,1,ENTREGA DOMICILIO
5202,JA22,3,1,ENTREGA DOMICILIO
5203,OA05,7,1,ENTREGA DOMICILIO
5204,JA02,3,1,ENTREGA DOMICILIO
5205,CHP04,6,1,ENTREGA DOMICILIO
5206,TAB03,25,1,ENTREGA DOMICILIO
5207,NL02,4,1,ENTREGA DOMICILIO
5208,MIC13,10,1,ENTREGA DOMICILIO
5209,JA21,3,1,ENTREGA DOMICILIO
5210,GTO06,12,1,ENTREGA DOMICILIO
5211,VER20,11,1,ENTREGA DOMICILIO
5212,SIN01,20,1,ENTREGA DOMICILIO
5213,OA02,7,1,ENTREGA DOMICILIO
5214,JA05,3,1,EMBARQUE
5215,PUE03,18,1,ENTREGA DOMICILIO
5216,TAM02,23,1,ENTREGA DOMICILIO
5217,NL03,4,1,ENTREGA DOMICILIO
5218,TAM09,23,1,ENTREGA DOMICILIO
5218A,NO PROPORCIONADO,NO PROPORCIONADO,NO PROPORCIONADO,NO PROPORCIONADO
5219,TAM03,23,1,ENTREGA DOMICILIO
5220,JA13,3,1,ENTREGA DOMICILIO
5221,CHP06,6,1,ENTREGA DOMICILIO
5222,CHP06,6,1,ENTREGA DOMICILIO
5223,NL03,4,1,ENTREGA DOMICILIO
5224,GTO13,12,1,ENTREGA DOMICILIO
5225,TAM04,23,1,ENTREGA DOMICILIO
5226,YUC03,16,1,ENTREGA DOMICILIO
5227,JA13,3,1,ENTREGA DOMICILIO
5228,BCS02,21,1,EMBARQUE
5229,DF01,1,1,EMBARQUE
5230,ZAC06,32,1,ENTREGA DOMICILIO
5231,COA05,27,1,ENTREGA DOMICILIO
5232,CHI04,29,1,ENTREGA DOMICILIO
5233,DUR04,30,1,ENTREGA DOMICILIO
5234,AGS01,28,1,ENTREGA DOMICILIO
5235,GTO05,12,1,EMBARQUE
5236,DF01,1,1,ENTREGA DOMICILIO
5237,GR04,8,1,ENTREGA DOMICILIO
5238,SIN01,20,1,ENTREGA DOMICILIO
5239,OA06,7,1,ENTREGA DOMICILIO
5240,SIN06,20,1,EMBARQUE
5241,CHP06,6,1,ENTREGA DOMICILIO
5242,TAM03,23,1,EMBARQUE
5243,NL04,4,1,ENTREGA DOMICILIO
5244,SON05,15,1,ENTREGA DOMICILIO
5245,VER19,11,1,ENTREGA DOMICILIO
5246,VER19,11,1,ENTREGA DOMICILIO
5247,GR01,8,1,ENTREGA DOMICILIO
5248,VER17,11,1,ENTREGA DOMICILIO
5249,SIN01,20,1,ENTREGA DOMICILIO
5250,SIN01,20,1,ENTREGA DOMICILIO
5251,NL03,4,1,ENTREGA DOMICILIO
5252,GR01,8,1,ENTREGA DOMICILIO
5253,DF01,1,1,ENTREGA DOMICILIO
5254,PUE05,18,1,ENTREGA DOMICILIO
5255,JA16,3,1,ENTREGA DOMICILIO
5256,CHP04,6,1,ENTREGA DOMICILIO
5257,GR01,8,1,ENTREGA DOMICILIO
5258,GTO17,12,1,EMBARQUE
5259,EM09,2,1,ENTREGA DOMICILIO
5260,DF01,1,1,ENTREGA DOMICILIO
5261,CHP03,6,1,ENTREGA DOMICILIO
5262,GR05,8,1,ENTREGA DOMICILIO
5263,CHP03,6,1,ENTREGA DOMICILIO
5264,VER13,11,1,ENTREGA DOMICILIO
5265,COA05,27,1,ENTREGA DOMICILIO
5266,GTO14,12,1,ENTREGA DOMICILIO
5267,YU01,16,1,ENTREGA DOMICILIO
5268,VER07,11,1,ENTREGA DOMICILIO
5269,NL03,4,1,ENTREGA DOMICILIO
5270,BCN03,22,1,EMBARQUE
5271,SIN01,20,1,ENTREGA DOMICILIO
5272,JA13,3,1,ENTREGA DOMICILIO
5273,SON05,15,1,ENTREGA DOMICILIO
5274,MIC22,10,1,ENTREGA DOMICILIO
5275,GR01,8,1,ENTREGA DOMICILIO
5276,OA04,7,1,ENTREGA DOMICILIO
5277,VER03,11,1,ENTREGA DOMICILIO
5278,JA13,3,1,ENTREGA DOMICILIO
5279,CHI08,29,1,ENTREGA DOMICILIO
5280,GTO12,12,1,ENTREGA DOMICILIO
5281,JA13,3,1,ENTREGA DOMICILIO
5282,JA17,3,1,ENTREGA DOMICILIO
5283,QR02,5,1,ENTREGA DOMICILIO
5284,MIC22,10,1,ENTREGA DOMICILIO
5285,JA10,3,1,ENTREGA DOMICILIO
5286,QTO02,14,1,ENTREGA DOMICILIO
5287,JA03,3,1,ENTREGA DOMICILIO
5288,DF01,1,1,ENTREGA DOMICILIO
5289,SLP04,19,1,ENTREGA DOMICILIO
5290,ZAC03,32,1,ENTREGA DOMICILIO
5291,ZAC08,32,1,ENTREGA DOMICILIO
5292,CHI04,29,1,ENTREGA DOMICILIO
5293,CHI04,29,1,ENTREGA DOMICILIO
5294,SLP02,19,1,ENTREGA DOMICILIO
5295,EM04,2,1,ENTREGA DOMICILIO
5296,DF01,1,1,ENTREGA DOMICILIO
5297,SIN04,20,1,ENTREGA DOMICILIO
5298,GTO10,12,1,ENTREGA DOMICILIO
5299,MIC07,10,1,ENTREGA DOMICILIO
5300,GR01,8,1,ENTREGA DOMICILIO
5301,NAY06,26,1,ENTREGA DOMICILIO
5302,VER16,11,1,ENTREGA DOMICILIO
5303,VER08,11,1,ENTREGA DOMICILIO
5304,VER05,11,1,ENTREGA DOMICILIO
5305,VER20,11,1,ENTREGA DOMICILIO
5306,CHI09,29,1,ENTREGA DOMICILIO
5307,DF01,1,1,ENTREGA DOMICILIO
5308,GTO01,12,1,ENTREGA DOMICILIO
5309,DF01,1,1,ENTREGA DOMICILIO
5310,GTO03,12,1,ENTREGA DOMICILIO
5311,SLP04,19,1,ENTREGA DOMICILIO
5312,SON03,15,1,ENTREGA DOMICILIO
5313,MIC10,10,1,ENTREGA DOMICILIO
5314,JA17,3,1,EMBARQUE
5315,JA10,3,1,ENTREGA DOMICILIO
5316,VER20,11,1,ENTREGA DOMICILIO
5317,VER08,11,1,ENTREGA DOMICILIO
5318,VER14,11,1,ENTREGA DOMICILIO
5319,HGO04,24,1,ENTREGA DOMICILIO
5320,VER15,11,1,ENTREGA DOMICILIO
5321,CHI06,29,1,ENTREGA DOMICILIO
5322,VER20,11,1,ENTREGA DOMICILIO
5323,VER20,11,1,ENTREGA DOMICILIO
5324,VER20,11,1,ENTREGA DOMICILIO
5325,GR03,8,1,ENTREGA DOMICILIO
5326,QR02,5,1,ENTREGA DOMICILIO
5327,SON08,15,1,EMBARQUE
5328,JA13,3,1,ENTREGA DOMICILIO
5329,ZAC10,32,1,EMBARQUE
5330,TAB03,25,1,ENTREGA DOMICILIO
5331,VER03,11,1,ENTREGA DOMICILIO
5332,VER08,11,1,ENTREGA DOMICILIO
5333,GTO18,12,1,ENTREGA DOMICILIO
5334,JA05,3,1,NO PROPORCIONADO
5335,MIC24,10,1,ENTREGA DOMICILIO
5336,TAM06,23,1,ENTREGA DOMICILIO
5337,NL03,4,1,ENTREGA DOMICILIO
5338,YU01,16,1,ENTREGA DOMICILIO
5339,CHP04,6,1,ENTREGA DOMICILIO
5340,OA08,7,1,ENTREGA DOMICILIO
5341,GTO12,12,1,ENTREGA DOMICILIO
5342,MIC01,10,1,ENTREGA DOMICILIO
5343,CHI09,29,1,ENTREGA DOMICILIO
5344,YU01,16,1,ENTREGA DOMICILIO
5345,OA04,7,1,ENTREGA DOMICILIO
5346,SON05,15,1,ENTREGA DOMICILIO
5347,SIN02,20,1,EMBARQUE
5348,CHI06,29,1,ENTREGA DOMICILIO
5349,CHI06,29,1,ENTREGA DOMICILIO
5350,CHI01,29,1,ENTREGA DOMICILIO
5351,GTO05,12,1,ENTREGA DOMICILIO
5352,GTO05,12,1,ENTREGA DOMICILIO
5353,MIC24,10,1,NO PROPORCIONADO
5354,HGO04,24,1,ENTREGA DOMICILIO
5355,TAM10,23,1,ENTREGA DOMICILIO
5356,TAM04,23,1,ENTREGA DOMICILIO
5357,GTO03,12,1,ENTREGA DOMICILIO
5358,GTO03,12,1,ENTREGA DOMICILIO
5359,TAB03,25,1,EMBARQUE
5360,SON06,15,1,ENTREGA DOMICILIO
5361,SON05,15,1,ENTREGA DOMICILIO
5362,TAM02,29,1,ENTREGA DOMICILIO
5363,CHI03,29,1,ENTREGA DOMICILIO
5364,GTO06,12,1,ENTREGA DOMICILIO
5365,EM10,2,1,ENTREGA DOMICILIO
5366,QR01,5,1,ENTREGA DOMICILIO
5367,SON07,15,1,EMBARQUE
5368,BCS01,21,1,EMBARQUE
5369,YU01,16,1,ENTREGA DOMICILIO
5370,AGS01,28,1,EMBARQUE
5371,HGO02,24,1,ENTREGA DOMICILIO
5372,AGS01,28,1,ENTREGA DOMICILIO
5373,QR01,5,1,ENTREGA DOMICILIO
5374,TAB03,25,1,ENTREGA DOMICILIO
5375,VER09,11,1,ENTREGA DOMICILIO
5376,CHP05,6,1,TIENDA
5377,EM02,2,1,ENTREGA DOMICILIO
5378,JA17,3,1,ENTREGA DOMICILIO
5379,GTO08,12,1,EMBARQUE
5380,VER02,11,1,ENTREGA DOMICILIO
5381,VER19,11,1,ENTREGA DOMICILIO
5382,TAB03,25,1,ENTREGA DOMICILIO
5383,YU01,16,1,ENTREGA DOMICILIO
5384,CAM01,17,1,ENTREGA DOMICILIO
5385,CHI06,29,1,ENTREGA DOMICILIO
5386,GR01,8,1,ENTREGA DOMICILIO
5387,QR02,5,1,ENTREGA DOMICILIO
5388,NAY01,26,1,ENTREGA DOMICILIO
5389,CHI07,29,1,ENTREGA DOMICILIO
5390,DF01,1,1,ENTREGA DOMICILIO
5391,TAM09,23,1,ENTREGA DOMICILIO
5392,CHI06,29,1,ENTREGA DOMICILIO
5393,DF01,1,1,ENTREGA DOMICILIO
5394,PUE04,18,1,ENTREGA DOMICILIO
5395,TAB02,25,1,ENTREGA DOMICILIO
5396,OA11,7,1,ENTREGA DOMICILIO
5397,EM10,2,1,ENTREGA DOMICILIO
5398,DF01,1,1,ENTREGA DOMICILIO
5399,EM07,2,1,ENTREGA DOMICILIO
5400,DF01,1,1,ENTREGA DOMICILIO
5401,DF01,1,1,ENTREGA DOMICILIO
5402,YU01,16,1,ENTREGA DOMICILIO
5403,OA07,7,1,ENTREGA DOMICILIO
5404,TLA03,31,1,ENTREGA DOMICILIO
5405,DF01,1,1,ENTREGA DOMICILIO
5406,PUE03,18,1,ENTREGA DOMICILIO
5407,SON07,15,1,ENTREGA DOMICILIO
5408,SIN01,20,1,ENTREGA DOMICILIO
5409,GTO06,12,1,ENTREGA DOMICILIO
5410,MIC01,10,1,ENTREGA DOMICILIO
5411,CHP03,6,1,ENTREGA DOMICILIO
5412,DF01,1,1,ENTREGA DOMICILIO
5413,MIC10,10,1,ENTREGA DOMICILIO
5414,EM01,2,1,ENTREGA DOMICILIO
5415,EM11,2,1,ENTREGA DOMICILIO
5416,ZAC03,32,1,ENTREGA DOMICILIO
5417,VER22,11,1,ENTREGA DOMICILIO
5418,GTO14,12,1,ENTREGA DOMICILIO
5419,CHI02,29,1,ENTREGA DOMICILIO
5420,ZAC07,32,1,ENTREGA DOMICILIO
5421,YU01,16,1,ENTREGA DOMICILIO
5422,EM10,2,1,ENTREGA DOMICILIO
5423,CHP06,6,1,ENTREGA DOMICILIO
5424,BCN03,22,1,ENTREGA DOMICILIO
5425,BCN02,22,1,ENTREGA DOMICILIO
5426,BCN02,22,1,ENTREGA DOMICILIO
5427,BCN04,22,1,ENTREGA DOMICILIO
5428,BCN04,22,1,ENTREGA DOMICILIO
5429,BCN01,22,1,ENTREGA DOMICILIO
5430,SON09,15,1,ENTREGA DOMICILIO
5431,SON02,15,1,ENTREGA DOMICILIO
5432,QTO02,14,1,EMBARQUE
5433,DF01,1,1,ENTREGA DOMICILIO
5434,TAB03,25,1,ENTREGA DOMICILIO
5435,TAM06,23,1,ENTREGA DOMICILIO
5436,CHI06,29,1,ENTREGA DOMICILIO
5437,ZAC06,32,1,EMBARQUE
5438,AGS02,28,1,ENTREGA DOMICILIO
5439,EM09,2,1,ENTREGA DOMICILIO
5440,MIC04,10,1,ENTREGA DOMICILIO
5441,TLA01,31,1,ENTREGA DOMICILIO
5442,HGO03,24,1,ENTREGA DOMICILIO
5443,BCN02,22,1,ENTREGA DOMICILIO
5444,BCN04,22,1,ENTREGA DOMICILIO
5445,BCN04,22,1,ENTREGA DOMICILIO
5446,BCN03,22,1,ENTREGA DOMICILIO
5447,SON05,15,1,ENTREGA DOMICILIO
5448,CHI06,29,1,ENTREGA DOMICILIO
5449,NL03,4,1,ENTREGA DOMICILIO
5450,COA05,27,1,ENTREGA DOMICILIO
5451,GTO06,12,1,ENTREGA DOMICILIO
5452,GTO06,12,1,EMBARQUE
5453,NL03,4,1,ENTREGA DOMICILIO
5454,JA03,3,1,ENTREGA DOMICILIO
5455,GTO06,12,1,ENTREGA DOMICILIO
5456,NL03,4,1,ENTREGA DOMICILIO
5457,GTO17,12,1,EMBARQUE
5458,TAM06,23,1,ENTREGA DOMICILIO
5459,COA03,27,1,ENTREGA DOMICILIO
5460,GR01,8,1,ENTREGA DOMICILIO
5461,GTO06,12,1,ENTREGA DOMICILIO
5462,SIN01,20,1,EMBARQUE
5463,MIC03,10,1,EMBARQUE
5464,COA01,27,1,ENTREGA DOMICILIO
5465,NL03,4,1,ENTREGA DOMICILIO
5466,COA02,27,1,ENTREGA DOMICILIO
5467,GTO01,12,1,ENTREGA DOMICILIO
5468,GTO04,12,1,EMBARQUE
5469,GTO06,12,1,ENTREGA DOMICILIO
5470,GTO06,12,1,EMBARQUE
5471,GTO04,12,1,EMBARQUE
5472,NAY03,26,1,ENTREGA DOMICILIO
5473,CO02,9,1,EMBARQUE
5474,SLP04,19,1,EMBARQUE
5475,SON04,15,1,EMBARQUE
5476,MIC20,10,1,EMBARQUE
5477,CO01,9,1,EMBARQUE
5478,MIC07,10,1,ENTREGA DOMICILIO
5479,NL01,4,1,ENTREGA DOMICILIO
5480,TAM05,23,1,EMBARQUE
5481,TAM10,23,1,ENTREGA DOMICILIO
5482,GTO16,12,1,EMBARQUE
5483,JA06,3,1,ENTREGA DOMICILIO
5484,MIC13,10,1,EMBARQUE
5485,MIC13,10,1,EMBARQUE
5486,CHP06,6,1,ENTREGA DOMICILIO
5487,SON03,15,1,EMBARQUE
5488,GTO06,12,1,EMBARQUE
5489,CHI04,29,1,ENTREGA DOMICILIO
5490,MIC22,10,1,ENTREGA DOMICILIO
5491,ZAC01,32,1,ENTREGA DOMICILIO
5492,ZAC10,32,1,ENTREGA DOMICILIO
5493,SON05,15,1,ENTREGA DOMICILIO
5494,SIN01,20,1,ENTREGA DOMICILIO
5495,SIN06,20,1,ENTREGA DOMICILIO
5496,JA08,3,1,TIENDA
5497,NAY06,26,1,ENTREGA DOMICILIO
5498,GTO03,12,1,ENTREGA DOMICILIO
5499,MIC13,10,1,EMBARQUE
5500,SLP04,19,1,ENTREGA DOMICILIO
5501,SLP04,19,1,EMBARQUE
5502,MIC10,10,1,EMBARQUE
5503,MIC14,10,1,ENTREGA DOMICILIO
5504,MIC02,10,1,ENTREGA DOMICILIO
5505,MIC22,10,1,ENTREGA DOMICILIO
5506,MIC13,10,1,EMBARQUE
5507,EM10,2,1,ENTREGA DOMICILIO
5508,DUR02,30,1,ENTREGA DOMICILIO
5509,NL03,4,1,ENTREGA DOMICILIO
5510,GTO03,12,1,EMBARQUE
5511,GTO06,12,1,ENTREGA DOMICILIO
5512,NAY06,26,1,EMBARQUE
5513,JA15,3,1,TIENDA
5514,GTO03,12,1,EMBARQUE
5515,MIC19,10,1,ENTREGA DOMICILIO
5516,MIC22,10,1,ENTREGA DOMICILIO
5517,GR02,8,1,ENTREGA DOMICILIO
5518,VER04,11,1,ENTREGA DOMICILIO
5519,GTO16,12,1,ENTREGA DOMICILIO
5520,GTO06,12,1,ENTREGA DOMICILIO
5521,BCN03,22,1,ENTREGA DOMICILIO
5522,SLP04,19,1,EMBARQUE
5523,SIN05,20,1,ENTREGA DOMICILIO
5524,GTO03,12,1,ENTREGA DOMICILIO
5525,SIN03,20,1,EMBARQUE
5526,GTO06,12,1,EMBARQUE
5527,SLP04,19,1,EMBARQUE
5528,DF01,1,1,ENTREGA DOMICILIO
5529,MIC13,10,1,ENTREGA DOMICILIO
5530,JA18,3,1,EMBARQUE
5531,NL03,4,1,ENTREGA DOMICILIO
5532,NL02,4,1,ENTREGA DOMICILIO
5533,MIC22,10,1,EMBARQUE
5534,TAM06,23,1,ENTREGA DOMICILIO
5535,SLP04,19,1,EMBARQUE
5536,ZAC10,32,1,ENTREGA DOMICILIO
5537,GR06,8,1,EMBARQUE
5538,MIC22,10,1,EMBARQUE
5539,MIC22,10,1,ENTREGA DOMICILIO
5540,JA22,3,1,EMBARQUE
5541,MIC25,10,1,ENTREGA DOMICILIO
5542,HGO01,24,1,ENTREGA DOMICILIO
5543,NL03,4,1,ENTREGA DOMICILIO
5544,SIN03,20,1,EMBARQUE
5545,SON01,15,1,ENTREGA DOMICILIO
5546,CO02,9,1,ENTREGA DOMICILIO
5547,GTO15,12,1,EMBARQUE
5548,JA02,3,1,ENTREGA DOMICILIO
5549,MIC09,10,1,ENTREGA DOMICILIO
5550,VER18,11,1,ENTREGA DOMICILIO
5551,JA04,3,1,ENTREGA DOMICILIO
5552,JA04,3,1,ENTREGA DOMICILIO
5553,TAM06,23,1,ENTREGA DOMICILIO
5554,AGS01,28,1,ENTREGA DOMICILIO
5555,JA17,3,1,ENTREGA DOMICILIO
5556,MIC09,10,1,ENTREGA DOMICILIO
5557,CHP01,6,1,ENTREGA DOMICILIO
5558,SON05,15,1,ENTREGA DOMICILIO
5559,GTO11,12,1,ENTREGA DOMICILIO
5560,JA04,3,1,ENTREGA DOMICILIO
5561,TAM06,23,1,ENTREGA DOMICILIO
5562,ZAC05,32,1,ENTREGA DOMICILIO
5563,MIC22,10,1,EMBARQUE
5564,SON05,15,1,ENTREGA DOMICILIO
5565,PUE01,18,1,ENTREGA DOMICILIO
5566,CO01,9,1,EMBARQUE
5567,JA14,3,1,ENTREGA DOMICILIO
5568,HGO05,24,1,ENTREGA DOMICILIO
5569,TLA02,31,1,ENTREGA DOMICILIO
5570,COA04,27,1,ENTREGA DOMICILIO
5571,GTO03,12,1,EMBARQUE
5572,PUE02,18,1,ENTREGA DOMICILIO
5573,VER03,11,1,ENTREGA DOMICILIO
5574,GTO07,12,1,EMBARQUE
5575,GR04,8,1,ENTREGA DOMICILIO
5576,MIC10,10,1,EMBARQUE
5577,MIC15,10,1,ENTREGA DOMICILIO
5578,JA05,3,1,ENTREGA DOMICILIO
5579,JA11,3,1,ENTREGA DOMICILIO
5580,MIC13,10,1,ENTREGA DOMICILIO
5581,MIC13,10,1,ENTREGA DOMICILIO
5582,SLP04,19,1,EMBARQUE
5583,MIC24,10,1,ENTREGA DOMICILIO
5584,NL03,4,1,ENTREGA DOMICILIO
5585,COA04,27,1,ENTREGA DOMICILIO
5586,NAY08,26,1,ENTREGA DOMICILIO
5587,NAY05,26,1,EMBARQUE
5588,QR01,5,1,ENTREGA DOMICILIO
5589,EM03,2,1,ENTREGA DOMICILIO
5590,SON03,15,1,ENTREGA DOMICILIO
5591,VER01,11,1,ENTREGA DOMICILIO
5592,MIC14,10,1,ENTREGA DOMICILIO
5593,CHP06,6,1,ENTREGA DOMICILIO
5594,CHP07,6,1,ENTREGA DOMICILIO
5595,CHP03,6,1,ENTREGA DOMICILIO
5596,NL03,4,1,ENTREGA DOMICILIO
5597,GR04,8,1,ENTREGA DOMICILIO
5598,ZAC05,32,1,ENTREGA DOMICILIO
5599,TAB02,25,1,ENTREGA DOMICILIO
5600,MIC05,10,1,EMBARQUE
5601,EM10,2,1,ENTREGA DOMICILIO
5602,PUE06,18,1,ENTREGA DOMICILIO
5603,DF01,1,1,ENTREGA DOMICILIO
5604,OA01,7,1,ENTREGA DOMICILIO
5605,COA05,27,1,ENTREGA DOMICILIO
5606,GTO03,12,1,ENTREGA DOMICILIO
5607,JA17,3,1,ENTREGA DOMICILIO
5608,MIC22,10,1,EMBARQUE
5609,NAY06,26,1,EMBARQUE
5610,MIC10,10,1,EMBARQUE
5611,GTO03,12,1,EMBARQUE
5612,ZAC10,32,1,ENTREGA DOMICILIO
5613,SIN01,20,1,EMBARQUE
5614,JA17,3,1,ENTREGA DOMICILIO
5615,NAY06,26,1,ENTREGA DOMICILIO
5616,GTO02,12,1,ENTREGA DOMICILIO
5617,NL02,32,1,ENTREGA DOMICILIO
5618,NL01,4,1,ENTREGA DOMICILIO
5619,PUE03,18,1,ENTREGA DOMICILIO
5620,BCS02,21,1,EMBARQUE
5621,DF01,1,1,ENTREGA DOMICILIO
5622,MIC16,10,1,EMBARQUE
5623,DF01,1,1,TIENDA
5624,GTO06,12,1,EMBARQUE
5625,JA26,3,1,EMBARQUE
5626,MIC11,10,1,ENTREGA DOMICILIO
5627,MIC24,10,1,ENTREGA DOMICILIO
5628,GR01,8,1,ENTREGA DOMICILIO
5629,CHI06,29,1,ENTREGA DOMICILIO
5630,NL03,4,1,ENTREGA DOMICILIO
5631,SLP04,19,1,EMBARQUE
5632,PUE03,18,1,ENTREGA DOMICILIO
5633,EM05,2,1,ENTREGA DOMICILIO
5634,GTO03,12,1,EMBARQUE
5635,MIC13,10,1,EMBARQUE
5636,CHP02,6,1,ENTREGA DOMICILIO
5637,CHP04,6,1,ENTREGA DOMICILIO
5638,AGS01,28,1,ENTREGA DOMICILIO
5639,MOR03,13,1,ENTREGA DOMICILIO
5640,EM10,2,1,ENTREGA DOMICILIO
5641,COA05,27,1,ENTREGA DOMICILIO
5642,VER21,11,1,ENTREGA DOMICILIO
5643,NL03,4,1,ENTREGA DOMICILIO
5644,MIC22,10,1,EMBARQUE
5645,SLP04,19,1,ENTREGA DOMICILIO
5646,GTO14,12,1,EMBARQUE
5647,MIC13,10,1,EMBARQUE
5648,CHI04,29,1,ENTREGA DOMICILIO
5649,COA05,27,1,ENTREGA DOMICILIO
5650,DF01,1,1,ENTREGA DOMICILIO
5651,MIC01,10,1,ENTREGA DOMICILIO
5652,GTO06,12,1,ENTREGA DOMICILIO
5653,GTO07,12,1,EMBARQUE
5654,MIC24,10,1,EMBARQUE
5655,PUE03,18,1,ENTREGA DOMICILIO
5656,TAM09,23,1,EMBARQUE
5657,COA04,27,1,ENTREGA DOMICILIO
5658,ZAC01,32,1,ENTREGA DOMICILIO
5659,JA20,3,1,ENTREGA DOMICILIO
5660,GTO02,12,1,ENTREGA DOMICILIO
5661,QTO01,14,1,ENTREGA DOMICILIO
5662,AGS01,28,1,ENTREGA DOMICILIO
5663,MIC09,10,1,EMBARQUE
5664,DF01,1,1,ENTREGA DOMICILIO
5665,GTO03,12,1,EMBARQUE
5666,CO01,9,1,ENTREGA DOMICILIO
5667,CHP01,6,1,ENTREGA DOMICILIO
5668,SIN05,20,1,ENTREGA DOMICILIO
5669,MIC13,10,1,ENTREGA DOMICILIO
5670,GR06,8,1,ENTREGA DOMICILIO
5671,NAY06,26,1,ENTREGA DOMICILIO
5672,HGO01,24,1,ENTREGA DOMICILIO
5673,MIC01,10,1,ENTREGA DOMICILIO
5674,CHI06,29,1,ENTREGA DOMICILIO
5675,ZAC04,32,1,ENTREGA DOMICILIO
5676,SON07,15,1,ENTREGA DOMICILIO
5677,JA17,3,1,ENTREGA DOMICILIO
5678,OA01,7,1,ENTREGA DOMICILIO
5679,VER19,11,1,ENTREGA DOMICILIO
5680,VER10,11,1,ENTREGA DOMICILIO
5681,JA10,3,1,ENTREGA DOMICILIO
5682,NAY07,26,1,ENTREGA DOMICILIO
5683,NL02,4,1,ENTREGA DOMICILIO
5684,JA01,3,1,ENTREGA DOMICILIO
5685,MIC18,10,1,EMBARQUE
5686,SLP07,19,1,ENTREGA DOMICILIO
5687,DF01,1,1,ENTREGA DOMICILIO
5688,MIC10,10,1,EMBARQUE
5689,MIC06,10,1,ENTREGA DOMICILIO
5690,SIN03,20,1,ENTREGA DOMICILIO
5691,PUE08,18,1,ENTREGA DOMICILIO
5692,ZAC02,32,1,ENTREGA DOMICILIO
5693,ZAC10,32,1,ENTREGA DOMICILIO
5694,TAM05,23,1,ENTREGA DOMICILIO
5695,SLP06,19,1,ENTREGA DOMICILIO
5696,MIC21,10,1,ENTREGA DOMICILIO
5697,MIC22,10,1,EMBARQUE
5698,TAM06,23,1,ENTREGA DOMICILIO
5699,TLA02,31,1,ENTREGA DOMICILIO
5700,VER19,11,1,ENTREGA DOMICILIO
5701,ZAC01,32,1,ENTREGA DOMICILIO
5702,NL03,4,1,EMBARQUE
5703,MIC23,10,1,ENTREGA DOMICILIO
5704,TAM08,23,1,ENTREGA DOMICILIO
5705,TAM06,23,1,ENTREGA DOMICILIO
5706,TAM06,23,1,ENTREGA DOMICILIO
5707,MIC10,10,1,EMBARQUE
5708,MIC01,10,1,ENTREGA DOMICILIO
5709,CHI02,29,1,ENTREGA DOMICILIO
5710,GTO06,12,1,EMBARQUE
5711,CHI04,29,1,ENTREGA DOMICILIO
5712,CHI04,29,1,ENTREGA DOMICILIO
5713,CAM01,17,1,ENTREGA DOMICILIO
5714,OA09,7,1,EMBARQUE
5715,YU01,16,1,ENTREGA DOMICILIO
5716,VER06,11,1,ENTREGA DOMICILIO
5717,VER20,11,1,ENTREGA DOMICILIO
5718,MIC13,10,1,EMBARQUE
5719,TAM04,23,1,ENTREGA DOMICILIO
5720,MIC22,10,1,ENTREGA DOMICILIO
5721,VER14,11,1,ENTREGA DOMICILIO
5722,SON03,15,1,ENTREGA DOMICILIO
5723,MIC15,10,1,EMBARQUE
5724,TLA01,31,1,ENTREGA DOMICILIO
5725,JA15,3,1,EMBARQUE
5726,MIC23,10,1,EMBARQUE
5727,CO02,9,1,EMBARQUE
5728,TAM09,23,1,ENTREGA DOMICILIO
5729,MIC01,10,1,ENTREGA DOMICILIO
5730,MIC22,10,1,EMBARQUE
5731,YU01,16,1,ENTREGA DOMICILIO
5732,TAM06,23,1,EMBARQUE
5733,SIN05,20,1,ENTREGA DOMICILIO
5734,NAY06,26,1,ENTREGA DOMICILIO
5735,CHP06,6,1,ENTREGA DOMICILIO
5736,QR02,5,1,ENTREGA DOMICILIO
5737,QR02,5,1,ENTREGA DOMICILIO
5738,QR02,5,1,ENTREGA DOMICILIO
5739,YU01,16,1,ENTREGA DOMICILIO
5740,GTO05,12,1,EMBARQUE
5741,OA06,7,1,ENTREGA DOMICILIO
5742,MIC14,10,1,ENTREGA DOMICILIO
5743,TAM01,23,1,ENTREGA DOMICILIO
5744,GTO06,12,1,ENTREGA DOMICILIO
5745,CO01,9,1,ENTREGA DOMICILIO
5746,ZAC10,32,1,EMBARQUE
5747,TAM02,23,1,ENTREGA DOMICILIO
5748,GTO11,12,1,EMBARQUE
5749,TAB03,25,1,ENTREGA DOMICILIO
5750,TAB01,25,1,ENTREGA DOMICILIO
5751,GTO06,12,1,EMBARQUE
5752,MIC22,10,1,EMBARQUE
5753,YU01,16,1,ENTREGA DOMICILIO
5754,TAB03,25,1,ENTREGA DOMICILIO
5755,MIC01,10,1,ENTREGA DOMICILIO
5756,QR03,5,1,ENTREGA DOMICILIO
5757,EM11,2,1,ENTREGA DOMICILIO
5758,QTO02,14,1,ENTREGA DOMICILIO
5759,GTO05,12,1,ENTREGA DOMICILIO
5760,TAM05,23,1,ENTREGA DOMICILIO
5761,DF01,1,1,EMBARQUE
5762,SON05,15,1,EMBARQUE
5763,CHI06,29,1,ENTREGA DOMICILIO
5764,NAY06,26,1,TIENDA
5765,DF01,2,1,ENTREGA DOMICILIO
5766,MOR01,13,1,ENTREGA DOMICILIO
5767,COA05,27,1,ENTREGA DOMICILIO
5768,COA05,27,1,ENTREGA DOMICILIO
5769,COA05,27,1,ENTREGA DOMICILIO
5770,MIC01,10,1,ENTREGA DOMICILIO
5771,MIC13,10,1,ENTREGA DOMICILIO
5772,BCS01,21,1,EMBARQUE
5773,GTO01,12,1,ENTREGA DOMICILIO
5774,NAY02,26,1,EMBARQUE
5775,SON07,15,1,EMBARQUE
5776,EM09,2,1,ENTREGA DOMICILIO
5777,SON05,15,1,EMBARQUE
5778,TAM06,23,1,ENTREGA DOMICILIO
5779,MIC07,10,1,ENTREGA DOMICILIO
5780,GR01,8,1,ENTREGA DOMICILIO
5781,YU01,16,1,ENTREGA DOMICILIO
5782,NL05,4,1,ENTREGA DOMICILIO
5783,MIC13,10,1,EMBARQUE
5784,OA06,7,1,ENTREGA DOMICILIO
5785,GTO02,12,1,ENTREGA DOMICILIO
5786,TAB03,25,1,EMBARQUE
5787,DF01,1,1,ENTREGA DOMICILIO
5788,VER14,11,1,ENTREGA DOMICILIO
5789,NL03,4,1,ENTREGA DOMICILIO
5790,JA07,3,1,ENTREGA DOMICILIO
5791,SLP05,19,1,EMBARQUE
5792,AGS01,28,1,EMBARQUE
5793,DF02,1,1,ENTREGA DOMICILIO
5794,OA10,7,1,ENTREGA DOMICILIO
5795,MIC01,10,1,ENTREGA DOMICILIO
5796,CHP03,6,1,ENTREGA DOMICILIO
5797,SON05,15,1,EMBARQUE
5798,SIN04,20,1,ENTREGA DOMICILIO
5799,JA17,3,1,ENTREGA DOMICILIO
5800,GTO01,12,1,EMBARQUE
5801,CHI04,29,1,ENTREGA DOMICILIO
5802,CHI06,29,1,ENTREGA DOMICILIO
5803,COA05,27,1,ENTREGA DOMICILIO
5804,SIN04,20,1,EMBARQUE
5805,CHI06,29,1,ENTREGA DOMICILIO
5806,CHI06,29,1,ENTREGA DOMICILIO
5807,CHI01,29,1,ENTREGA DOMICILIO
5808,DF01,1,1,ENTREGA DOMICILIO
5809,CHP01,6,1,ENTREGA DOMICILIO
5810,OA03,7,1,ENTREGA DOMICILIO
5811,YU01,16,1,ENTREGA DOMICILIO
5812,GTO06,12,1,ENTREGA DOMICILIO
5813,GTO08,12,1,EMBARQUE
5814,SIN01,20,1,EMBARQUE
5815,SLP05,19,1,ENTREGA DOMICILIO
5816,SLP04,19,1,ENTREGA DOMICILIO
5817,CHI02,29,1,EMBARQUE
5818,VER21,11,1,ENTREGA DOMICILIO
5819,CAM02,17,1,ENTREGA DOMICILIO
5820,SLP04,19,1,EMBARQUE
5821,GTO07,12,1,ENTREGA DOMICILIO
5822,SON07,15,1,ENTREGA DOMICILIO
5823,OA10,7,1,ENTREGA DOMICILIO
5824,CO01,9,1,EMBARQUE
5825,SON05,15,1,EMBARQUE
5826,CHP06,6,1,ENTREGA DOMICILIO
5827,GTO03,12,1,ENTREGA DOMICILIO
5828,VER14,11,1,ENTREGA DOMICILIO
5829,MIC24,10,1,EMBARQUE
5830,GTO06,12,1,ENTREGA DOMICILIO
5831,VER14,11,1,ENTREGA DOMICILIO
5832,CHP03,6,1,ENTREGA DOMICILIO
5833,OA08,7,1,ENTREGA DOMICILIO
5834,OA08,7,1,ENTREGA DOMICILIO
5835,AGS01,28,1,EMBARQUE
5836,GTO11,12,1,EMBARQUE
5837,EM12,2,1,ENTREGA DOMICILIO
5838,GTO06,12,1,ENTREGA DOMICILIO
5839,MIC24,10,1,EMBARQUE
5840,SON03,15,1,ENTREGA DOMICILIO
5841,QR01,5,1,ENTREGA DOMICILIO
5842,GTO14,12,1,ENTREGA DOMICILIO
5843,GTO05,12,1,ENTREGA DOMICILIO
5844,OA12,7,1,ENTREGA DOMICILIO
5845,ZAC11,32,1,ENTREGA DOMICILIO
5846,GTO11,12,1,EMBARQUE
5847,TAM10,23,1,ENTREGA DOMICILIO
5848,SIN01,20,1,EMBARQUE
5849,ZAC04,32,1,ENTREGA DOMICILIO
5850,SON03,15,1,ENTREGA DOMICILIO
5851,MIC24,10,1,EMBARQUE
5852,JA04,3,1,ENTREGA DOMICILIO
5853,SLP04,19,1,ENTREGA DOMICILIO
5854,SLP05,19,1,ENTREGA DOMICILIO
5855,OA05,7,1,ENTREGA DOMICILIO
5856,SIN04,20,1,ENTREGA DOMICILIO
5857,OA11,7,1,ENTREGA DOMICILIO
5858,TAB03,25,1,ENTREGA DOMICILIO
5859,COA04,27,1,ENTREGA DOMICILIO
5860,SLP07,19,1,ENTREGA DOMICILIO
5861,COA04,27,1,ENTREGA DOMICILIO
5862,GTO09,12,1,ENTREGA DOMICILIO
5863,GTO05,12,1,EMBARQUE
5864,MIC09,10,1,ENTREGA DOMICILIO
5865,JA15,3,1,ENTREGA DOMICILIO
5866,AGS04,28,1,ENTREGA DOMICILIO
5867,QTO02,14,1,ENTREGA DOMICILIO
5868,GTO06,12,1,ENTREGA DOMICILIO
5869,OA05,7,1,ENTREGA DOMICILIO
5870,TAM04,23,1,ENTREGA DOMICILIO
5871,TAM06,23,1,ENTREGA DOMICILIO
5872,SLP05,19,1,ENTREGA DOMICILIO
5873,TAM02,23,1,ENTREGA DOMICILIO
5874,HGO06,24,1,ENTREGA DOMICILIO
5875,OA06,7,1,ENTREGA DOMICILIO
5876,MIC10,10,1,ENTREGA DOMICILIO
5877,ZAC09,32,1,ENTREGA DOMICILIO
5878,CHI06,29,1,ENTREGA DOMICILIO
5879,DF01,1,1,TIENDA
5880,QTO03,14,1,ENTREGA DOMICILIO
5881,GTO03,12,1,ENTREGA DOMICILIO
5882,SON05,15,1,ENTREGA DOMICILIO
5883,DUR02,30,1,ENTREGA DOMICILIO
5884,COA05,27,1,ENTREGA DOMICILIO
5885,CO01,9,1,ENTREGA DOMICILIO
5886,QTO04,14,1,ENTREGA DOMICILIO
5887,SON10,15,1,ENTREGA DOMICILIO
5888,NL03,4,1,ENTREGA DOMICILIO
5889,SON11,15,1,ENTREGA DOMICILIO
5890,OA13,7,1,ENTREGA DOMICILIO
5891,CHI10,29,1,ENTREGA DOMICILIO
5892,TAM11,23,1,ENTREGA DOMICILIO
5893,CO01,9,1,ENTREGA DOMICILIO
5894,DUR02,30,1,ENTREGA DOMICILIO
5895,MIC13,10,1,ENTREGA DOMICILIO
5896,QR02,5,1,ENTREGA DOMICILIO
5897,CAM01,17,1,ENTREGA DOMICILIO
5898,OA14,7,1,ENTREGA DOMICILIO
5899,YU01,16,1,ENTREGA DOMICILIO
5900,QTO02,14,1,EMBARQUE
5901,VER19,11,1,ENTREGA DOMICILIO
5902,YU01,16,1,ENTREGA DOMICILIO
5903,DF01,1,1,ENTREGA DOMICILIO
5904,TAM09,23,1,ENTREGA DOMICILIO
5905,DUR04,30,1,EMBARQUE
5906,SON01,15,1,ENTREGA DOMICILIO
5907,TAM06,23,1,ENTREGA DOMICILIO
5908,JA28,3,1,ENTREGA DOMICILIO
5910,TAM09,23,1,ENTREGA DOMICILIO
5911,MIC13,10,1,EMBARQUE
5912,GTO06,12,1,ENTREGA DOMICILIO
5913,TAM04,23,1,ENTREGA DOMICILIO
5914,JA27,3,1,TIENDA
5915,QT005,14,1,ENTREGA DOMICILIO
5916,JA27,3,1,TIENDA
5917,JA08,3,1,TIENDA
5918,SLP08,19,1,ENTREGA DOMICILIO
5919,GR04,8,1,ENTREGA DOMICILIO
5920,MIC23,10,1,ENTREGA DOMICILIO
5921,SLP09,19,1,EMBARQUE
5922,ZAC03,32,1,ENTREGA DOMICILIO
5923,QR01,5,1,EMBARQUE
5924,CHI06,29,1,ENTREGA DOMICILIO
5925,MIC17,10,1,ENTREGA DOMICILIO
5926,AGS01,28,1,ENTREGA DOMICILIO
5927,PUE09,18,1,ENTREGA DOMICILIO
5928,PUE03,18,1,ENTREGA DOMICILIO
5929,MIC15,10,1,ENTREGA DOMICILIO
5930,ZAC11,32,1,ENTREGA DOMICILIO
5931,CHI06,29,1,ENTREGA DOMICILIO
5932,SON03,15,1,EMBARQUE
5933,TAM09,23,1,ENTREGA DOMICILIO
5934,JA17,3,1,ENTREGA DOMICILIO
5935,ZAC01,32,1,ENTREGA DOMICILIO
5936,ZAC12,32,1,NO PROPORCIONADO
5937,GTO06,12,1,ENTREGA DOMICILIO
5938,BCN04,22,1,ENTREGA DOMICILIO
5939,CO03,9,1,ENTREGA DOMICILIO
5940,GTO03,12,1,ENTREGA DOMICILIO
5941,QTO02,14,1,ENTREGA DOMICILIO
5942,CHI09,29,1,ENTREGA DOMICILIO
5943,ZAC10,32,1,ENTREGA DOMICILIO
5944,GTO19,12,1,ENTREGA DOMICILIO
5945,QTO02,14,NO PROPORCIONADO,ENTREGA DOMICILIO
5946,SON02,15,1,ENTREGA DOMICILIO
5947,GTO06,12,1,ENTREGA DOMICILIO
5948,SIN05,20,1,ENTREGA DOMICILIO
5949,MIC04,10,1,ENTREGA DOMICILIO
5950,EM10,2,1,ENTREGA DOMICILIO
5951,MIC21,10,1,ENTREGA DOMICILIO
5952,EM13,2,1,ENTREGA DOMICILIO
5953,EM10,2,1,ENTREGA DOMICILIO
5954,SLP05,19,1,ENTREGA DOMICILIO
5955,HGO01,24,1,ENTREGA DOMICILIO
5956,TAB03,25,1,ENTREGA DOMICILIO
5957,MIC04,10,1,ENTREGA DOMICILIO
5958,MIC13,10,1,ENTREGA DOMICILIO
5959,COA05,27,1,ENTREGA DOMICILIO
5960,MIC22,10,1,EMBARQUE
5961,SLP02,19,1,ENTREGA DOMICILIO
5962,ZAC06,32,1,ENTREGA DOMICILIO
5963,MIC12,10,1,ENTREGA DOMICILIO
5964,MIC03,10,1,EMBARQUE
5965,HGO03,24,1,ENTREGA DOMICILIO
5966,JA 28,3,1,ENTREGA DOMICILIO
5967,ZAC06,32,1,ENTREGA DOMICILIO
5968,QTO06,14,1,ENTREGA DOMICILIO
5969,DUR02,30,1,ENTREGA DOMICILIO
5970,SON12,15,1,ENTREGA DOMICILIO
5971,GR01,8,1,ENTREGA DOMICILIO
5972,SLP05,19,1,ENTREGA DOMICILIO
5973,EM10,2,1,ENTREGA DOMICILIO
5974,SLP04,19,1,ENTREGA DOMICILIO
5975,GTO01,12,1,ENTREGA DOMICILIO
5976,YU01,16,1,ENTREGA DOMICILIO
5977,MIC01,10,1,ENTREGA DOMICILIO
5978,EM08,2,1,ENTREGA DOMICILIO
5979,SON05,15,1,ENTREGA DOMICILIO
5980,QTO02,14,1,ENTREGA DOMICILIO
5981,COA05,27,1,ENTREGA DOMICILIO
5982,ZAC10,32,1,ENTREGA DOMICILIO
5983,DUR04,30,1,ENTREGA DOMICILIO
5984,DUR05,30,1,ENTREGA DOMICILIO
5985,COA05,27,1,ENTREGA DOMICILIO
5986,JA13,3,1,ENTREGA DOMICILIO
5987,HGO04,24,1,ENTREGA DOMICILIO
5988,HGO05,24,1,ENTREGA DOMICILIO
5989,OA15,7,1,ENTREGA DOMICILIO
5990,TAM12,23,1,ENTREGA DOMICILIO
5991,EM08,2,1,ENTREGA DOMICILIO
5992,EM08,2,1,ENTREGA DOMICILIO
5993,GTO06,12,1,ENTREGA DOMICILIO
5994,SON08,15,1,ENTREGA DOMICILIO
5995,CO01,9,1,ENTREGA DOMICILIO
5996,VER16,11,1,ENTREGA DOMICILIO
5997,CHI09,29,1,ENTREGA DOMICILIO
5998,CHI06,29,1,ENTREGA DOMICILIO
5999,TAM10,23,1,ENTREGA DOMICILIO
6000,VER16,11,1,ENTREGA DOMICILIO
6001,HGO07,24,1,ENTREGA DOMICILIO
6002,NAY09,26,1,ENTREGA DOMICILIO
6003,TAM03,23,1,ENTREGA DOMICILIO
6004,EM08,2,1,ENTREGA DOMICILIO
6005,SON05,15,1,ENTREGA DOMICILIO
6006,MIC09,10,1,EMBARQUE
6007,SIN05,20,1,ENTREGA DOMICILIO
6008,HGO05,24,1,ENTREGA DOMICILIO
6009,GR05,8,1,ENTREGA DOMICILIO
6010,TAB03,25,1,ENTREGA DOMICILIO
6011,GR01,8,1,ENTREGA DOMICILIO
6012,SLP10,19,1,ENTREGA DOMICILIO
6013,GR07,8,1,ENTREGA DOMICILIO
6014,VER11,11,1,ENTREGA DOMICILIO
6015,QT005,14,1,ENTREGA DOMICILIO
6016,PUE03,18,1,ENTREGA DOMICILIO
6017,ZAC13,32,1,ENTREGA DOMICILIO
6018,CHP06,6,1,ENTREGA DOMICILIO
6019,DF01,1,1,ENTREGA DOMICILIO
6020,CO04,9,1,ENTREGA DOMICILIO
6021,GTO09,12,1,ENTREGA DOMICILIO
6022,EM10,2,1,ENTREGA DOMICILIO
6023,DUR01,30,1,ENTREGA DOMICILIO
6024,EM14,2,1,ENTREGA DOMICILIO
6025,GTO06,12,1,ENTREGA DOMICILIO
6026,QR04,5,1,ENTREGA DOMICILIO
6027,MOR01,13,1,ENTREGA DOMICILIO
6028,VER22,11,1,ENTREGA DOMICILIO
6029,MIC10,10,1,ENTREGA DOMICILIO
6030,EM15,2,1,ENTREGA DOMICILIO
6031,EM04,2,1,ENTREGA DOMICILIO
6032,EM04,2,1,ENTREGA DOMICILIO
6033,HGO01,24,1,ENTREGA DOMICILIO
6034,CHI01,29,1,ENTREGA DOMICILIO
6035,TAB03,25,1,ENTREGA DOMICILIO
6036,EM16,2,1,ENTREGA DOMICILIO
6037,TAB03,25,1,ENTREGA DOMICILIO
6038,QR03,5,1,ENTREGA DOMICILIO
6039,CHI02,29,1,ENTREGA DOMICILIO
6040,MOR01,13,1,ENTREGA DOMICILIO
6041,COA05,27,1,ENTREGA DOMICILIO
6042,MIC22,10,1,ENTREGA DOMICILIO
6043,NL03,4,1,ENTREGA DOMICILIO
6044,GT020,12,1,ENTREGA DOMICILIO
6045,MOR01,13,1,ENTREGA DOMICILIO
6046,HG008,24,1,ENTREGA DOMICILIO
6047,BCS01,21,1,EMBARQUE
6048,VER20,11,1,ENTREGA DOMICILIO
6049,HGO09,24,1,ENTREGA DOMICILIO
6050,MIC13,10,1,ENTREGA DOMICILIO
6051,CHI09,29,1,ENTREGA DOMICILIO
6052,OA16,7,1,ENTREGA DOMICILIO
6053,VER14,11,1,ENTREGA DOMICILIO
6054,GR07,8,1,ENTREGA DOMICILIO
6055,EM17,2,1,ENTREGA DOMICILIO
6056,TAM02,23,1,ENTREGA DOMICILIO
6057,PUE03,18,1,ENTREGA DOMICILIO
6058,CHI06,29,1,ENTREGA DOMICILIO
6059,SLP11,19,1,ENTREGA DOMICILIO
6060,SON13,15,1,ENTREGA DOMICILIO
6061,MIC23,10,1,ENTREGA DOMICILIO
9999,JA27,3,1,TIENDA
NO PROPORCIONADO,NO PROPORCIONADO,NO PROPORCIONADO,NO PROPORCIONADO,NO PROPORCIONADO